"","Social_Media_Frequency","Social_Media_Duration","Anxiety_Score","Depression_Score"
"Social_Media_Frequency",1,-0.208335769863754,-0.178370440370095,-0.191113887560084
"Social_Media_Duration",-0.208335769863754,1,0.634657176507819,0.622885712457037
"Anxiety_Score",-0.178370440370095,0.634657176507819,1,0.492782676411373
"Depression_Score",-0.191113887560084,0.622885712457037,0.492782676411373,1
